ClientIP,ClientRequestHost,ClientRequestMethod,ClientRequestURI,EdgeStartTimestamp,ZoneName,ClientASN,ClientCountry,ClientDeviceType,ClientSrcPort,ClientRequestBytes,ClientRequestPath,ClientRequestReferer,ClientRequestScheme,ClientRequestUserAgent
51.208.59.112,porter.biz,GET,/media,2024-11-06 20:51:01+00:00,infinitepay.io,265432,in,mobile,5100,2805,/media,http://www.hernandez.com/,https,"Mozilla/5.0 (iPod; U; CPU iPhone OS 3_2 like Mac OS X; eu-FR) AppleWebKit/532.20.4 (KHTML, like Gecko) Version/3.0.5 Mobile/8B116 Safari/6532.20.4"
37ba:82ba:e1ac:a46c:af71:5244:5a16:5b43,walters-thompson.com,GET,/respond/rock/such/reveal,2024-11-06 13:55:59+00:00,infinitepay.io,26599,in,mobile,59858,4757,/respond/rock/such/reveal,http://www.owens.com/,https,Opera/8.56.(X11; Linux x86_64; ak-GH) Presto/2.9.160 Version/12.00
178.46.56.248,marshall-odonnell.net,GET,/similar/company/he/degree,2024-11-11 20:19:49+00:00,infinitepay.io,22689,in,desktop,51757,2866,/home,http://johnson.org/,https,"Mozilla/5.0 (iPhone; CPU iPhone OS 6_1_6 like Mac OS X) AppleWebKit/536.1 (KHTML, like Gecko) FxiOS/11.6d8322.0 Mobile/11C387 Safari/536.1"
130.213.58.38,bush.com,POST,/rate/that,2024-11-11 01:36:30+00:00,infinitepay.io,27699,in,mobile,40058,4164,/products,https://www.barnes-burgess.info/,https,Mozilla/5.0 (compatible; MSIE 8.0; Windows NT 5.0; Trident/4.1)
129.250.178.34,jackson.com,POST,/watch/Congress,2024-11-11 13:53:07+00:00,infinitepay.io,396982,us,desktop,53440,4404,/watch/Congress,https://www.conley-george.net/,https,"Mozilla/5.0 (Windows 98) AppleWebKit/533.0 (KHTML, like Gecko) Chrome/34.0.803.0 Safari/533.0"
136.64.78.73,porter.biz,GET,/off/rock/music/today,2024-11-11 03:41:43+00:00,infinitepay.io,271080,in,mobile,15515,2780,/off/rock/music/today,http://www.hernandez.com/,https,"Mozilla/5.0 (iPod; U; CPU iPhone OS 3_2 like Mac OS X; eu-FR) AppleWebKit/532.20.4 (KHTML, like Gecko) Version/3.0.5 Mobile/8B116 Safari/6532.20.4"
150.117.122.18,porter.biz,GET,/Mrs/special,2024-11-11 17:14:17+00:00,infinitepay.io,262504,in,tablet,11918,3450,/Mrs/special,http://www.hernandez.com/,https,"Mozilla/5.0 (Windows; U; Windows NT 5.1) AppleWebKit/535.26.3 (KHTML, like Gecko) Version/5.0.2 Safari/535.26.3"
60.53.21.11,porter.biz,GET,/vote,2024-11-11 13:41:31+00:00,infinitepay.io,266445,in,desktop,30781,3467,/vote,http://www.hernandez.com/,https,"Mozilla/5.0 (Linux; Android 4.2) AppleWebKit/533.0 (KHTML, like Gecko) Chrome/36.0.852.0 Safari/533.0"
a817:6570:2623:326a:d966:150b:76f:6811,porter.biz,GET,/section,2024-11-11 11:42:38+00:00,infinitepay.io,7738,in,mobile,52350,2767,/section,http://www.hernandez.com/,https,"Mozilla/5.0 (X11; Linux x86_64) AppleWebKit/532.1 (KHTML, like Gecko) Chrome/33.0.870.0 Safari/532.1"
91.36.6.38,santiago.com,POST,/impact/data/machine,2024-11-11 14:20:26+00:00,infinitepay.io,396982,us,desktop,39834,4609,/impact/data/machine,http://www.hernandez.com/,https,"Mozilla/5.0 (Windows; U; Windows CE) AppleWebKit/533.39.6 (KHTML, like Gecko) Version/5.1 Safari/533.39.6"
6ab1:756e:2c46:3dcc:12a7:972a:9460:b7,porter.biz,GET,/owner/society/event/list,2024-11-11 00:04:47+00:00,infinitepay.io,273623,in,mobile,34373,2793,/home,http://www.hernandez.com/,https,Mozilla/5.0 (compatible; MSIE 8.0; Windows NT 6.0; Trident/3.0)
22.106.168.213,porter.biz,GET,/line/speech/great/big,2024-11-11 18:11:23+00:00,infinitepay.io,27699,in,mobile,44058,2781,/user/profile,http://www.hernandez.com/,https,"Mozilla/5.0 (iPod; U; CPU iPhone OS 3_2 like Mac OS X; eu-FR) AppleWebKit/532.20.4 (KHTML, like Gecko) Version/3.0.5 Mobile/8B116 Safari/6532.20.4"
148.254.162.148,walters-thompson.com,GET,/threat/in/leg,2024-11-11 22:56:53+00:00,infinitepay.io,28201,in,mobile,33145,5092,/threat/in/leg,http://www.owens.com/,https,Mozilla/5.0 (compatible; MSIE 8.0; Windows NT 5.0; Trident/4.1)
aa80:4f09:b888:64b5:a66c:38ff:de46:b55a,porter.biz,GET,/bring,2024-11-11 22:10:59+00:00,infinitepay.io,26615,in,desktop,53728,3537,/contact,http://johnson.org/,https,"Mozilla/5.0 (iPhone; CPU iPhone OS 6_1_6 like Mac OS X) AppleWebKit/536.1 (KHTML, like Gecko) FxiOS/11.6d8322.0 Mobile/11C387 Safari/536.1"
208.56.210.58,rosario-rodriguez.com,GET,/become,2024-11-11 20:50:59+00:00,infinitepay.io,396982,us,desktop,51572,5280,/become,http://www.hernandez.com/,https,"Mozilla/5.0 (X11; Linux x86_64) AppleWebKit/531.0 (KHTML, like Gecko) Chrome/50.0.852.0 Safari/531.0"
134.135.26.172,walters-thompson.com,GET,/good,2024-11-11 00:43:07+00:00,infinitepay.io,268710,in,mobile,63645,4866,/good,http://www.owens.com/,https,Mozilla/5.0 (compatible; MSIE 8.0; Windows NT 5.0; Trident/4.1)
79.213.156.94,porter.biz,GET,/leave/office/question/law,2024-11-11 16:26:19+00:00,infinitepay.io,271197,in,desktop,48746,2355,/leave/office/question/law,http://www.hernandez.com/,https,"Mozilla/5.0 (Windows 98) AppleWebKit/533.0 (KHTML, like Gecko) Chrome/34.0.803.0 Safari/533.0"
a55d:cda0:af64:cb51:ed46:c840:9287:3895,joseph.org,POST,/difficult/radio,2024-11-11 00:36:52+00:00,infinitepay.io,52974,in,tablet,52886,3384,/difficult/radio,http://www.hernandez.com/,https,"Mozilla/5.0 (Linux; Android 4.0.2) AppleWebKit/535.0 (KHTML, like Gecko) Chrome/33.0.890.0 Safari/535.0"
92.0.234.183,porter.biz,GET,/smile/reveal/garden/line,2024-11-11 12:44:37+00:00,infinitepay.io,18881,in,desktop,49950,3915,/smile/reveal/garden/line,http://www.hernandez.com/,https,"Mozilla/5.0 (Windows; U; Windows 98; Win 9x 4.90) AppleWebKit/532.50.2 (KHTML, like Gecko) Version/4.0.3 Safari/532.50.2"
222.30.33.183,acosta.com,GET,/a,2024-11-11 16:27:23+00:00,infinitepay.io,396982,us,desktop,44488,5836,/a,http://johnson.org/,https,"Mozilla/5.0 (iPhone; CPU iPhone OS 6_1_6 like Mac OS X) AppleWebKit/536.1 (KHTML, like Gecko) FxiOS/11.6d8322.0 Mobile/11C387 Safari/536.1"
fcfc:15cd:e2ee:2182:e242:fab7:e524:956a,porter.biz,POST,/result/happen/commercial/former,2024-11-11 23:04:46+00:00,infinitepay.io,7738,in,tablet,43838,3818,/result/happen/commercial/former,http://www.hernandez.com/,https,"Mozilla/5.0 (Macintosh; U; PPC Mac OS X 10_5_9 rv:4.0; cs-CZ) AppleWebKit/533.43.5 (KHTML, like Gecko) Version/5.0 Safari/533.43.5"
21.166.16.150,moore.com,GET,/Democrat/guy/stock/kid,2024-11-11 00:42:05+00:00,infinitepay.io,396982,us,desktop,35426,6504,/Democrat/guy/stock/kid,http://www.hernandez.com/,https,"Mozilla/5.0 (Windows; U; Windows 98; Win 9x 4.90) AppleWebKit/532.50.2 (KHTML, like Gecko) Version/4.0.3 Safari/532.50.2"
162.73.220.24,marshall-odonnell.net,GET,/two/technology,2024-11-11 15:13:14+00:00,infinitepay.io,264567,in,desktop,17197,4957,/two/technology,http://johnson.org/,https,Opera/9.21.(X11; Linux i686; gd-GB) Presto/2.9.186 Version/10.00
42.83.94.32,santiago.com,POST,/impact/data/machine,2024-11-11 14:23:48+00:00,infinitepay.io,396982,us,desktop,60636,4601,/impact/data/machine,http://www.hernandez.com/,https,"Mozilla/5.0 (Windows; U; Windows CE) AppleWebKit/533.39.6 (KHTML, like Gecko) Version/5.1 Safari/533.39.6"
79.128.180.72,porter.biz,GET,/use/require,2024-11-11 11:42:14+00:00,infinitepay.io,268151,in,desktop,16595,3481,/vulnerable.php?search=<svg onload=alert(1)>,http://www.hernandez.com/,https,"Mozilla/5.0 (Windows; U; Windows 98; Win 9x 4.90) AppleWebKit/532.50.2 (KHTML, like Gecko) Version/4.0.3 Safari/532.50.2"
172.126.210.5,porter.biz,POST,/manager/same/figure,2024-11-11 22:57:50+00:00,infinitepay.io,16509,in,desktop,33657,4041,/robots.txt,http://www.hernandez.com/,https,Mozilla/5.0 (Android 8.0.0; Mobile; rv:44.0) Gecko/44.0 Firefox/44.0
ae00:a579:a0b8:92c5:cc9a:8b17:1955:4726,marshall-odonnell.net,GET,/see,2024-11-11 00:10:11+00:00,infinitepay.io,22085,in,desktop,37072,3178,/see,http://johnson.org/,https,"Mozilla/5.0 (iPhone; CPU iPhone OS 6_1_6 like Mac OS X) AppleWebKit/536.1 (KHTML, like Gecko) FxiOS/11.6d8322.0 Mobile/11C387 Safari/536.1"
175.4.145.21,acosta.com,GET,/ago/kid/religious,2024-11-11 13:32:25+00:00,infinitepay.io,396982,us,desktop,53420,5407,/ago/kid/religious,http://www.hernandez.com/,https,"Mozilla/5.0 (Windows NT 6.1) AppleWebKit/535.1 (KHTML, like Gecko) Chrome/46.0.879.0 Safari/535.1"
738b:90f:7633:2782:61:211:e14d:5e40,porter.biz,GET,/career/also/debate/less,2024-11-11 09:27:53+00:00,infinitepay.io,270882,in,mobile,37506,2808,/career/also/debate/less,http://www.hernandez.com/,https,"Mozilla/5.0 (iPod; U; CPU iPhone OS 3_2 like Mac OS X; eu-FR) AppleWebKit/532.20.4 (KHTML, like Gecko) Version/3.0.5 Mobile/8B116 Safari/6532.20.4"
4c2a:7c37:a32c:c419:2926:a180:9095:52b8,porter.biz,POST,/watch/Congress,2024-11-11 12:19:53+00:00,infinitepay.io,7738,in,desktop,58944,3172,/watch/Congress,http://www.hernandez.com/,https,"Mozilla/5.0 (Windows 98) AppleWebKit/533.0 (KHTML, like Gecko) Chrome/34.0.803.0 Safari/533.0"
115.81.184.65,porter.biz,GET,/data/partner,2024-11-11 12:58:35+00:00,infinitepay.io,14618,us,desktop,40598,4327,/data/partner,http://www.hernandez.com/,https,Opera/8.92.(Windows NT 6.0; kl-GL) Presto/2.9.166 Version/10.00
206.242.241.175,lewis-roberts.biz,OPTIONS,/official,2024-11-11 18:49:52+00:00,infinitepay.io,396982,us,mobile,56892,4938,/official,http://www.hernandez.com/,https,Mozilla/5.0 (compatible; MSIE 6.0; Windows NT 6.1; Trident/5.1)